insert into organizations(id, name , inn, settlement_acc) values
(1,'Организация 1',706282735480, 718428495645),
(2,'Организация 2', 584138232931, 488410316117),
(3,'Организация 3', 802868053100, 420875789818),
(4,'Организация 4', 313408618119, 746832270786),
(5,'Организация 5', 141231035950, 837424283993),
(6,'Организация 6', 499005079800, 861455107601),
(7,'Организация 7', 332197669076, 204195300002),
(8,'Организация 8', 989183398501, 542556031401),
(9,'Организация 9', 227534660151, 554943543530),
(10,'Организация 10',305598499652, 382579821216),
(11,'Организация 11',870199408383, 482147275882),
(12,'Организация 12',714864510073, 704346566783),
(13,'Организация 13',689801510611, 499152950318),
(14,'Организация 14',434322776744, 814423107137),
(15,'Организация 15',082675652962, 516300615939);

insert into waybills(org_send_id, number, date) values
(1,992473636008,'13-03-2019'),
(2,492506633653,'14-03-2019'),
(3,116557612517,'15-03-2019'),
(4,631229679732,'16-03-2019'),
(5,640190302861,'13-03-2019'),
(6,394162617166,'14-03-2019'),
(7,219150918940,'13-03-2019'),
(8,596521027148,'15-03-2019'),
(9,821720973063,'11-03-2019'),
(10,684801924490,'12-03-2019'),
(11,062440887569,'13-03-2019'),
(12,010091189392,'11-03-2019'),
(13,579215124126,'13-03-2019'),
(14,399482222752,'16-03-2019'),
(15,297422486139,'12-03-2019');

insert into nomenclature(id, code, name) values
(1,43984530,'Товар 1'),
(2,59187616,'Товар 2'),
(3,54171107,'Товар 3'),
(4,10792354,'Товар 4'),
(5,64971599,'Товар 5'),
(6,08186023,'Товар 6'),
(7,01825281,'Товар 7'),
(8,04936943,'Товар 8'),
(9,49379250,'Товар 9'),
(10,50125177,'Товар 10'),
(11,93066085,'Товар 11'),
(12,02693828,'Товар 12'),
(13,78951136,'Товар 13'),
(14,98127855,'Товар 14'),
(15,25966756,'Товар 15'),
(16,29392130,'Товар 16'),
(17,20320303,'Товар 17'),
(18,12303031,'Товар 18');

insert into positions(nomenclature_id, waybill_id, price, amount) values
(1,1,263,12),
(2,2,259,14),
(3,3,68,25),
(4,4,280,456),
(5,5,15,565),
(6,6,36,152),
(7,7,78,1621),
(8,8,10,163),
(9,9,177,125),
(10,10,196,165),
(11,11,156,543),
(12,12,209,234),
(13,13,109,166),
(14,14,236,14),
(15,15,23,15),
(16,1,500,1500),
(17,1,250,2500),
(18,7,30,1000);


